{
    "High-MN":{
       "St. Thomas Acad.":"St. Thomas"
    },
    "WCHA":{
       "Alaska Anchorage":"Alaska"
    },
    "NHL":{
       "Winnipeg Jets (1979)":"Winnipeg Jets"
    },
    "IHL":{
       "Long Beach Ice Dogs":"Long Beach",
       "Flint Generals":"Flint",
       "Milwaukee Admirals":"Milwaukee",
       "Fort Wayne Komets":"Fort Wayne",
       "Muskegon Fury":"Muskegon",
       "Bloomington PrairieThunder":"Bloomington"
    },
    "QMJHL":{
       "Val-d'Or Foreurs":"Val-d'Or",
       "Drummondville Voltigeurs":"Drummondville",
       "Acadie-Bathurst Titan":"Acadie-Bathurst",
       "Shawinigan Cataractes":"Shawinigan",
       "Halifax Mooseheads":"Halifax",
       "Moncton Wildcats":"Moncton",
       "Cape Breton Eagles":"Cape Breton",
       "Baie-Comeau Drakkar":"Baie-Comeau",
       "Chicoutimi Saguenéens":"Chicoutimi",
       "Gatineau Olympiques":"Gatineau",
       "Rouyn-Noranda Huskies":"Rouyn-Noranda",
       "Rimouski Océanic":"Rimouski",
       "Saint John Sea Dogs":"Saint John",
       "Sherbrooke Phoenix":"Sherbrooke",
       "Charlottetown Islanders":"Charlottetown",
       "Victoriaville Tigres":"Victoriaville",
       "Montreal Wanderers":"Montreal"
    },
    "ECHL":{
       "Charlotte Checkers":"Charlotte",
       "Wheeling Nailers":"Wheeling",
       "Pensacola Ice Pilots":"Pensacola",
       "Florida Everblades":"Florida",
       "South Carolina Stingrays":"South Carolina",
       "Idaho Steelheads":"Idaho",
       "Cincinnati Cyclones":"Cincinnati",
       "Jacksonville Icemen":"Jacksonville",
       "Toledo Walleye":"Toledo",
       "Fresno Falcons":"Fresno",
       "Alaska Aces":"Alaska",
       "Stockton Thunder":"Stockton",
       "Utah Grizzlies":"Utah",
       "Columbia Inferno":"Columbia",
       "Reading Royals":"Reading",
       "Kalamazoo Wings":"Kalamazoo",
       "Trenton Devils":"Trenton",
       "Elmira Jackals":"Elmira",
       "Indy Fuel":"Indy",
       "Ontario Reign":"Ontario",
       "Greenville Swamp Rabbits":"Greenville",
       "Greenville Grrrowl":"Greenville",
       "Victoria Salmon Kings":"Victoria",
       "Colorado Eagles":"Colorado",
       "Roanoke Valley":"Roanoke",
       "Orlando Solar Bears":"Orlando",
       "Quad City Mallards":"Quad City",
       "Bakersfield Condors":"Bakersfield",
       "Rapid City Rush":"Rapid City",
       "Manchester Monarchs":"Manchester",
       "Fort Wayne Komets":"Fort Wayne",
       "Adirondack Thunder":"Adirondack",
       "Norfolk Admirals":"Norfolk",
       "Brampton Beast":"Brampton",
       "Allen Americans":"Allen",
       "Wichita Thunder":"Wichita"
    },
    "AHL":{
       "Albany Devils":"Albany",
       "Albany River Rats":"Albany",
       "Milwaukee Admirals":"Milwaukee",
       "Springfield Thunderbirds":"Springfield",
       "Springfield Falcons":"Springfield",
       "Hershey Bears":"Hershey",
       "Utica Comets":"Utica",
       "Philadelphia Phantoms":"Philadelphia",
       "Saint John Flames":"Saint John",
       "Worcester Sharks":"Worcester",
       "Worcester IceCats":"Worcester",
       "Hartford Wolf Pack":"Hartford",
       "Binghamton Devils":"Binghamton",
       "Binghamton Senators":"Binghamton",
       "Manchester Monarchs":"Manchester",
       "Manitoba Moose":"Manitoba",
       "Bridgeport Islanders":"Bridgeport",
       "Bridgeport Sound Tigers":"Bridgeport",
       "Iowa Wild":"Iowa",
       "Iowa Stars":"Iowa",
       "Baltimore Skipjacks":"Baltimore",
       "Norfolk Admirals":"Norfolk",
       "Rockford IceHogs":"Rockford",
       "Portland Pirates":"Portland",
       "Grand Rapids Griffins":"Grand Rapids",
       "St. John's Maple Leafs":"St. John's",
       "St. John's IceCaps":"St. John's",
       "Syracuse Crunch":"Syracuse",
       "Rochester Americans":"Rochester",
       "Abbotsford Canucks":"Abbotsford",
       "Abbotsford Heat":"Abbotsford",
       "Adirondack Flames":"Adirondack",
       "Cincinnati Mighty Ducks":"Cincinnati",
       "Texas Stars":"Texas",
       "Toronto Marlies":"Toronto",
       "Toronto Maple Leafs":"Toronto",
       "Lowell Lock Monsters":"Lowell",
       "Carolina Hurricanes":"Carolina",
       "Hamilton Tigers":"Hamilton",
       "Hamilton Bulldogs":"Hamilton",
       "Providence Bruins":"Providence",
       "Peoria Rivermen":"Peoria",
       "Charlotte Checkers":"Charlotte",
       "Chicago Wolves":"Chicago",
       "San Antonio Rampage":"San Antonio",
       "San Diego Gulls":"San Diego",
       "Oklahoma City Barons":"Oklahoma City",
       "Bakersfield Condors":"Bakersfield",
       "Cleveland Barons":"Cleveland",
       "Cleveland Monsters":"Cleveland",
       "Lehigh Valley Phantoms":"Lehigh Valley",
       "Ontario Reign":"Ontario",
       "Stockton Heat":"Stockton",
       "San Jose Barracuda":"San Jose"
    },
    "Russia":{
       "Spartak Moskva":"Spartak",
       "Mechel Chelyabinsk":"Mechel"
    },
    "Germany":{
       "Hannover Scorp.":"Hannover",
       "Hamburg Freez.":"Hamburg"
    },
    "CHL":{
       "Tulsa Oilers":"Tulsa",
       "New Mexico Scorpions":"New Mexico",
       "Odessa Jackalopes":"Odessa",
       "Allen Americans":"Allen",
       "Mississippi RiverKings":"Mississippi",
       "Fort Worth Brahmas":"Fort Worth",
       "Laredo Bucks":"Laredo",
       "Wichita Thunder":"Wichita",
       "Macon Whoopee":"Macon",
       "Denver Cutthroats":"Denver",
       "Austin Ice Bats":"Austin"
    },
    "NAHL":{
       "Cleveland Barons":"Cleveland",
       "Texarkana Bandits":"Texarkana",
       "Corpus Christi IceRays":"Corpus Christi",
       "Topeka Pilots":"Topeka",
       "Alpena IceDiggers":"Alpena",
       "Bismarck Bobcats":"Bismarck",
       "Chicago Freeze":"Chicago",
       "Janesville Jets":"Janesville",
       "Austin Bruins":"Austin",
       "Marquette Rangers":"Marquette"
    },
    "USHL":{
       "Des Moines Buccaneers":"Des Moines",
       "Green Bay Gamblers":"Green Bay",
       "Indiana Ice":"Indiana",
       "Sioux Falls Stampede":"Sioux Falls",
       "Rochester Mustangs":"Rochester",
       "Dubuque Fighting Saints":"Dubuque",
       "Lincoln Stars":"Lincoln",
       "Chicago Steel":"Chicago",
       "Fargo Force":"Fargo",
       "Cedar Rapids RoughRiders":"Cedar Rapids",
       "Omaha Lancers":"Omaha",
       "Tri-City Storm":"Tri-City",
       "Waterloo Black Hawks":"Waterloo",
       "Youngstown Phantoms":"Youngstown",
       "Muskegon Lumberjacks":"Muskegon",
       "Sioux City Musketeers":"Sioux City",
       "Bloomington ":"Bloomington"
    },
    "OHL":{
       "Windsor Spitfires":"Windsor",
       "Kingston Frontenacs":"Kingston",
       "Sault Ste. Marie Greyhounds":"Sault Ste. Marie",
       "Kitchener Rangers":"Kitchener",
       "Plymouth Whalers":"Plymouth",
       "Oshawa Generals":"Oshawa",
       "Erie Otters":"Erie",
       "Guelph Storm":"Guelph",
       "London Knights":"London",
       "Owen Sound Attack":"Owen Sound",
       "Sudbury Wolves":"Sudbury",
       "Mississauga Steelheads":"Mississauga",
       "Ottawa 67's":"Ottawa",
       "Belleville Bulls":"Belleville",
       "Niagara IceDogs":"Niagara",
       "Niagara Falls":"Niagara",
       "Sarnia Sting":"Sarnia",
       "Barrie Colts":"Barrie",
       "Saginaw Spirit":"Saginaw",
       "Peterborough Petes":"Peterborough",
       "North Bay Battalion":"North Bay",
       "Flint Firebirds":"Flint"
    },
    "Finland":{
       "TPS ":"TPS",
       "JYP HT":"JYP",
       "Pelicans Lahti":"Pelicans"
    },
    "EuroHL":{
       "Milano Saima":"Milano"
    },
    "Austria":{
       "Vienna Capitals":"Vienna",
       "Znojmo Orli":"Znojmo"
    },
    "UHL":{
       "Flint Generals":"Flint",
       "Missouri River Otters":"Missouri",
       "Muskegon Fury":"Muskegon",
       "Fort Wayne Komets":"Fort Wayne"
    },
    "Norway":{
       "Stavanger Oilers":"Stavanger",
       "Stjernen Hockey":"Stjernen",
       "Frisk Asker":"Frisk",
       "Sparta Sarpsborg":"Sparta"
    },
    "WHL":{
       "Spokane Chiefs":"Spokane",
       "Tri-City Americans":"Tri-City",
       "Red Deer Rebels":"Red Deer",
       "Kamloops Blazers":"Kamloops",
       "Swift Current Broncos":"Swift Current",
       "Brandon Wheat Kings":"Brandon",
       "Moose Jaw Warriors":"Moose Jaw",
       "Seattle Thunderbirds":"Seattle",
       "Saskatoon Blades":"Saskatoon",
       "Edmonton Oilers":"Edmonton",
       "Edmonton Oil Kings":"Edmonton",
       "Portland Winterhawks":"Portland",
       "Prince George Cougars":"Prince George",
       "Calgary Hitmen":"Calgary",
       "Lethbridge Hurricanes":"Lethbridge",
       "Kootenay Ice":"Kootenay",
       "Regina Pats":"Regina",
       "Kelowna Rockets":"Kelowna",
       "Vancouver Giants":"Vancouver",
       "Prince Albert Raiders":"Prince Albert",
       "Everett Silvertips":"Everett",
       "Medicine Hat Tigers":"Medicine Hat",
       "Victoria Royals":"Victoria"
    },
    "KHL":{
       "CSKA Moskva":"CSKA",
       "Spartak Moskva":"Spartak",
       "Avtomobilist Yekaterinburg":"Avtomobilist"
    },
    "SJHL":{
       "Nipawin Hawks":"Nipawin",
       "Humboldt Broncos":"Humboldt",
       "Melville Millionaires":"Melville",
       "Minot Americans":"Minot",
       "Notre Dame Hounds":"Notre Dame",
       "Lebret Eagles":"Lebret",
       "Melfort Mustangs":"Melfort",
       "Battlefords North Stars":"Battlefords"
    },
    "AJHL":{
       "St. Albert Steel":"St. Albert",
       "St. Albert Saints":"St. Albert",
       "Lloydminster Bobcats":"Lloydminster",
       "Drayton Valley Thunder":"Drayton Valley",
       "Camrose Kodiaks":"Camrose",
       "Spruce Grove Saints":"Spruce Grove",
       "Bonnyville Pontiacs":"Bonnyville",
       "Crowsnest Pass Timberwolves":"Crowsnest Pass",
       "Grande Prairie Storm":"Grande Prairie",
       "Canmore Eagles":"Canmore",
       "Sherwood Park Crusaders":"Sherwood Park",
       "Fort McMurray Oil Barons":"Fort McMurray",
       "Brooks Bandits":"Brooks",
       "Olds Grizzlys":"Olds",
       "Whitecourt Wolverines":"Whitecourt",
       "Okotoks Oilers":"Okotoks"
    },
    "Nat-Tm":{
       "Russia 17":"Russia"
    },
    "Denmark":{
       "Aalborg Pirates":"Aalborg",
       "Herning Blue Fox":"Herning",
       "Odense Bulldogs":"Odense",
       "Frederikshavn White Hawks":"Frederikshavn",
       "Esbjerg Energy":"Esbjerg",
       "Gentofte Stars":"Gentofte",
       "Rungsted Seier Capital":"Rungsted",
       "Herlev Eagles":"Herlev"
    },
    "RMJHL":{
       "Prince George Spruce Kings":"Prince George",
       "Cranbrook Colts":"Cranbrook",
       "Fernie Ghostriders":"Fernie"
    },
    "BCJHL":{
       "Chilliwack Chiefs":"Chilliwack"
    },
    "WCHL":{
       "Idaho Steelheads":"Idaho"
    },
    "TV-Pucken":{
       "Södermanland 2":"Södermanland",
       "Göteborg 2":"Göteborg",
       "Stockholm Nord":"Stockholm",
       "Stockholm Syd":"Stockholm",
       "Stockholm 2":"Stockholm",
       "Värmland 2":"Värmland"
    },
    "OJHL":{
       "Georgetown Raiders":"Georgetown",
       "Newmarket Hurricanes":"Newmarket",
       "Villanova Knights":"Villanova",
       "Oakville Blades":"Oakville",
       "St. Michael's Buzzers":"St. Michael's",
       "Collingwood Blues":"Collingwood",
       "Markham Waxers":"Markham",
       "Markham Royals":"Markham",
       "Hamilton Red Wings":"Hamilton"
    },
    "CCHL":{
       "Newmarket Hurricanes":"Newmarket"
    },
    "OPJHL":{
       "Hamilton Red Wings":"Hamilton",
       "Hamilton Tigers":"Hamilton",
       "Brampton Capitals":"Brampton",
       "Wellington Dukes":"Wellington",
       "St. Michael's Buzzers":"St. Michael's",
       "Vaughan Vipers":"Vaughan",
       "Kingston Voyageurs":"Kingston",
       "Wexford Raiders":"Wexford",
       "Port Hope Clippers":"Port Hope",
       "Trenton Sting":"Trenton",
       "Oakville Blades":"Oakville",
       "Newmarket Hurricanes":"Newmarket",
       "Markham Waxers":"Markham",
       "Streetsville Derbys":"Streetsville",
       "Syracuse Jr. Crunch":"Syracuse",
       "Stouffville Spirit":"Stouffville",
       "North York Rangers":"North York",
       "Thornhill Rattlers":"Thornhill"
    },
    "Italy":{
       "Milano 24":"Milano",
       "Milano Saima":"Milano"
    },
    "OHA-Sr.":{
       "Cambridge Hornets":"Cambridge"
    },
    "High-CT":{
       "Taft Rhinos":"Taft"
    },
    "AMHL":{
       "Sherwood Park Kings Midget AAA":"Sherwood Park",
       "Leduc Oil Kings Midget AAA":"Leduc",
       "Lethbridge Y's Men Midget AAA":"Lethbridge",
       "Lethbridge Y":"Lethbridge",
       "Red Deer Chiefs Midget AAA":"Red Deer",
       "Airdrie CFR Bisons":"Airdrie",
       "St. Albert Raiders Midget AAA":"St. Albert",
       "Lloydminster Bobcats Midget AAA":"Lloydminster",
       "SSAC Athletics Midget AAA":"SSAC Athletics",
       "Medicine Hat Tigers Midget AAA":"Medicine Hat"
    },
    "Minor-ON":{
       "Huron-Perth MM":"Huron-Perth",
       "Huron-Perth Mid.":"Huron-Perth",
       "Ott. Senators M.M.":"Ott. Senators",
       "Ott. Senators Btm.":"Ott. Senators",
       "Ott. Senators MM":"Ott. Senators",
       "Ott. Jr. 67's MM":"Ott. Jr. 67's",
       "Barrie Colts":"Barrie",
       "Ajax Pickering":"Ajax",
       "Kitchener AA":"Kitchener"
    },
    "Russia-2":{
       "Spartak St. Pet.":"Spartak"
    },
    "NCAA":{
       "Penn State Univ.":"Penn State",
       "UMass (Amherst)":"UMass"
    },
    "Sweden-3":{
       "Skare ":"Skare"
    },
    "CJHL":{
       "Pembroke Lumber Kings":"Pembroke",
       "Kanata Valley Lasers":"Kanata",
       "Cornwall Colts":"Cornwall",
       "Nepean Raiders":"Nepean",
       "Hawkesbury Hawks":"Hawkesbury",
       "Kanata Laser":"Kanata",
       "Kanata Valley":"Kanata",
       "Kanata Stallions":"Kanata"
    },
    "PIJHL":{
       "Grandview Steelers":"Grandview",
       "Richmond Sockeyes":"Richmond",
       "Delta Ice Hawks":"Delta"
    },
    "BCHL":{
       "Nanaimo Clippers":"Nanaimo",
       "Salmon Arm Silverbacks":"Salmon Arm",
       "Victoria Grizzlies":"Victoria",
       "Trail Smoke Eaters":"Trail",
       "Penticton Vees":"Penticton",
       "Coquitlam Express":"Coquitlam",
       "Surrey Eagles":"Surrey",
       "Vernon Vipers":"Vernon",
       "Langley Rivermen":"Langley",
       "Prince George Spruce Kings":"Prince George",
       "Chilliwack Chiefs":"Chilliwack",
       "Alberni Valley Bulldogs":"Alberni Valley",
       "West Kelowna Warriors":"West Kelowna",
       "Merritt Centennials":"Merritt",
       "Powell River Kings":"Powell River"
    },
    "SMHL":{
       "Yorkton Harvest":"Yorkton",
       "Notre Dame Hounds Midget AAA":"Notre Dame",
       "Notre Dame Argos Midget AAA":"Notre Dame",
       "Swift Current Legionnaires":"Swift Current",
       "Prince Albert Mintos":"Prince Albert",
       "Moose Jaw Generals":"Moose Jaw",
       "Moose Jaw Warriors":"Moose Jaw",
       "Saskatoon Contacts":"Saskatoon",
       "Saskatoon Blazers":"Saskatoon",
       "Regina Pat Cdns.":"Regina",
       "Regina Pat Canadians Midget AAA":"Regina"
    },
    "MHL":{
       "Russkie Vityazi Chekhov":"Russkie Vityazi"
    },
    "AsianHL":{
       "Nippon Paper":"Nippon"
    },
    "AWHL":{
       "Great Falls Americans":"Great Falls"
    },
    "EmJHL":{
       "Capital District Selects":"Capital District",
       "Syracuse Jr. Stars":"Syracuse",
       "Syracuse Stars":"Syracuse",
       "Jersey Hitmen":"Jersey"
    },
    "Minor-BC":{
       "Burnaby W.C.":"Burnaby",
       "Quesnel Thunder":"Quesnel"
    },
    "Swiss-U17":{
       "Bern U17 ":"Bern U17"
    },
    "AMBHL":{
       "Sherwood Park Flyers Bantam AAA":"Sherwood Park",
       "Lloydminster Heat Bantam AAA":"Lloydminster",
       "Strathcona Warriors Bantam AAA":"Strathcona",
       "Spruce Grove Broncos Bantam AAA":"Spruce Grove",
       "Spruce Grove PAC Saints Btm AAA":"Spruce Grove",
       "Airdrie Xtreme Bantam AAA":"Airdrie",
       "SSAC Lions Bantam AAA":"SSAC Lions",
       "Leduc Oil Kings Bantam AAA":"Leduc",
       "East Central Chill Bantam AAA":"East Central",
       "Red Deer Rebels Bantam AAA":"Red Deer",
       "St. Albert Sabres Bantam AAA":"St. Albert"
    },
    "QSPHL":{
       "Saint-Georges Garaga":"Saint-Georges",
       "Granby Prédateurs":"Granby",
       "Verdun Dragons":"Verdun",
       "Thetford Mines Prolab":"Thetford Mines",
       "Joliette Mission":"Joliette",
       "Laval Chiefs":"Laval"
    },
    "GTHL":{
       "Miss. Reps MM":"Miss. Reps",
       "Miss. Reps Midget":"Miss. Reps",
       "Vaughan M.M.":"Vaughan",
       "Vaughan Midgets":"Vaughan"
    },
    "EEHL":{
       "Kiev 2":"Kiev"
    },
    "KIJHL":{
       "Sicamous Eagles":"Sicamous",
       "Spokane Braves":"Spokane",
       "Grand Forks Border Bruins":"Grand Forks",
       "Beaver Valley NiteHawks":"Beaver Valley"
    },
    "WPHL":{
       "Austin Ice Bats":"Austin"
    },
    "MJHL":{
       "Portage Terriers":"Portage",
       "Selkirk Steelers":"Selkirk",
       "St. James Canadians":"St. James",
       "Steinbach Pistons":"Steinbach",
       "Waywayseecappo Wolverines":"Waywayseecappo"
    },
    "MMHL":{
       "Brandon Wheat Kings Midget AAA":"Brandon",
       "Yellowhead Chiefs Midget AAA":"Yellowhead",
       "Pembina Valley Hawks Midget AAA":"Pembina Valley",
       "Parkland Rangers Midget AAA":"Parkland",
       "Eastman Selects Midget AAA":"Eastman"
    },
    "BCMML":{
       "Fraser Valley Bruins":"Fraser Valley",
       "Valley West Hawks":"Valley West",
       "Cariboo Cougars":"Cariboo"
    },
    "OJAHL":{
       "Georgetown Raiders":"Georgetown",
       "Villanova Knights":"Villanova"
    },
    "Belarus":{
       "Yunost Minsk":"Yunost",
       "Keramin Minsk":"Keramin"
    },
    "SPHL":{
       "Louisiana IceGators":"Louisiana"
    },
    "Division 2":{
       "Boro/Vetlanda HC":"Boro/Vetlanda"
    },
    "Japan":{
       "Oji Seishi":"Oji"
    },
    "VIJHL":{
       "Peninsula Panthers":"Peninsula"
    },
    "Minor-MA":{
       "Valley Jr.":"Valley",
       "Cape Cod U-16":"Cape Cod U16"
    },
    "AYHL 18U":{
       "Long Island Gulls 18U AAA":"Long Island Gulls 18U"
    },
    "Minor-QC":{
       "Rive-Sud Bantam":"Rive-Sud"
    },
    "WSI U14":{
       "Draftday Hockey Selects U14 2":"Draftday Hockey Selects U14"
    },
    "WHA2":{
       "Jacksonville Barracudas":"Jacksonville"
    },
    "CHA":{
       "Niagara U.":"Niagara"
    },
    "OHA Sr.":{
       "Dundas Real McCoys":"Dundas",
       "Brantford Blast":"Brantford"
    },
    "USHS-CA":{
       "Santa Margarita Catholic 2":"Santa Margarita Catholic"
    },
    "High-WI":{
       "Notre Dame Acad.":"Notre Dame"
    },
    "BDHL":{
       "Sun Valley Suns":"Sun Valley"
    },
    "USHS-TX":{
       "Plano West High Silver":"Plano West High"
    }
 }